"","X","value","date","station","datatype","day","hour"
"1","2016-07-29 15:00:00",88,2016-07-29 11:00:00,"KTPA","Forecast",2016-07-29,11
"2","2016-07-29 16:00:00",88,2016-07-29 12:00:00,"KTPA","Forecast",2016-07-29,12
"3","2016-07-29 17:00:00",89,2016-07-29 13:00:00,"KTPA","Forecast",2016-07-29,13
"4","2016-07-29 18:00:00",89,2016-07-29 14:00:00,"KTPA","Forecast",2016-07-29,14
"5","2016-07-29 19:00:00",88,2016-07-29 15:00:00,"KTPA","Forecast",2016-07-29,15
"6","2016-07-29 20:00:00",88,2016-07-29 16:00:00,"KTPA","Forecast",2016-07-29,16
"7","2016-07-29 21:00:00",88,2016-07-29 17:00:00,"KTPA","Forecast",2016-07-29,17
"8","2016-07-29 22:00:00",87,2016-07-29 18:00:00,"KTPA","Forecast",2016-07-29,18
"9","2016-07-29 23:00:00",86,2016-07-29 19:00:00,"KTPA","Forecast",2016-07-29,19
"10","2016-07-30 00:00:00",85,2016-07-29 20:00:00,"KTPA","Forecast",2016-07-29,20
"11","2016-07-30 01:00:00",83,2016-07-29 21:00:00,"KTPA","Forecast",2016-07-29,21
"12","2016-07-30 02:00:00",82,2016-07-29 22:00:00,"KTPA","Forecast",2016-07-29,22
"13","2016-07-30 03:00:00",82,2016-07-29 23:00:00,"KTPA","Forecast",2016-07-29,23
"14","2016-07-30 04:00:00",81,2016-07-30 00:00:00,"KTPA","Forecast",2016-07-30,0
"15","2016-07-30 05:00:00",81,2016-07-30 01:00:00,"KTPA","Forecast",2016-07-30,1
"16","2016-07-30 06:00:00",80,2016-07-30 02:00:00,"KTPA","Forecast",2016-07-30,2
"17","2016-07-30 07:00:00",79,2016-07-30 03:00:00,"KTPA","Forecast",2016-07-30,3
"18","2016-07-30 08:00:00",79,2016-07-30 04:00:00,"KTPA","Forecast",2016-07-30,4
"19","2016-07-30 09:00:00",79,2016-07-30 05:00:00,"KTPA","Forecast",2016-07-30,5
"20","2016-07-30 10:00:00",79,2016-07-30 06:00:00,"KTPA","Forecast",2016-07-30,6
"21","2016-07-30 11:00:00",79,2016-07-30 07:00:00,"KTPA","Forecast",2016-07-30,7
"22","2016-07-30 12:00:00",81,2016-07-30 08:00:00,"KTPA","Forecast",2016-07-30,8
"23","2016-07-30 13:00:00",84,2016-07-30 09:00:00,"KTPA","Forecast",2016-07-30,9
"24","2016-07-30 14:00:00",85,2016-07-30 10:00:00,"KTPA","Forecast",2016-07-30,10
"25","2016-07-30 15:00:00",87,2016-07-30 11:00:00,"KTPA","Forecast",2016-07-30,11
"26","2016-07-30 16:00:00",88,2016-07-30 12:00:00,"KTPA","Forecast",2016-07-30,12
"27","2016-07-30 17:00:00",88,2016-07-30 13:00:00,"KTPA","Forecast",2016-07-30,13
"28","2016-07-30 18:00:00",89,2016-07-30 14:00:00,"KTPA","Forecast",2016-07-30,14
"29","2016-07-30 19:00:00",89,2016-07-30 15:00:00,"KTPA","Forecast",2016-07-30,15
"30","2016-07-30 20:00:00",89,2016-07-30 16:00:00,"KTPA","Forecast",2016-07-30,16
"31","2016-07-30 21:00:00",88,2016-07-30 17:00:00,"KTPA","Forecast",2016-07-30,17
"32","2016-07-30 22:00:00",88,2016-07-30 18:00:00,"KTPA","Forecast",2016-07-30,18
"33","2016-07-30 23:00:00",87,2016-07-30 19:00:00,"KTPA","Forecast",2016-07-30,19
"34","2016-07-31 00:00:00",85,2016-07-30 20:00:00,"KTPA","Forecast",2016-07-30,20
"35","2016-07-31 01:00:00",82,2016-07-30 21:00:00,"KTPA","Forecast",2016-07-30,21
"36","2016-07-31 02:00:00",81,2016-07-30 22:00:00,"KTPA","Forecast",2016-07-30,22
"37","2016-07-31 03:00:00",81,2016-07-30 23:00:00,"KTPA","Forecast",2016-07-30,23
"38","2016-07-31 04:00:00",81,2016-07-31 00:00:00,"KTPA","Forecast",2016-07-31,0
"39","2016-07-31 05:00:00",80,2016-07-31 01:00:00,"KTPA","Forecast",2016-07-31,1
"40","2016-07-31 06:00:00",79,2016-07-31 02:00:00,"KTPA","Forecast",2016-07-31,2
"41","2016-07-31 07:00:00",78,2016-07-31 03:00:00,"KTPA","Forecast",2016-07-31,3
"42","2016-07-31 08:00:00",78,2016-07-31 04:00:00,"KTPA","Forecast",2016-07-31,4
"43","2016-07-31 09:00:00",78,2016-07-31 05:00:00,"KTPA","Forecast",2016-07-31,5
"44","2016-07-31 10:00:00",77,2016-07-31 06:00:00,"KTPA","Forecast",2016-07-31,6
"45","2016-07-31 11:00:00",77,2016-07-31 07:00:00,"KTPA","Forecast",2016-07-31,7
"46","2016-07-31 12:00:00",79,2016-07-31 08:00:00,"KTPA","Forecast",2016-07-31,8
"47","2016-07-31 13:00:00",82,2016-07-31 09:00:00,"KTPA","Forecast",2016-07-31,9
"48","2016-07-31 14:00:00",84,2016-07-31 10:00:00,"KTPA","Forecast",2016-07-31,10
"49","2016-07-31 15:00:00",87,2016-07-31 11:00:00,"KTPA","Forecast",2016-07-31,11
"50","2016-07-31 16:00:00",88,2016-07-31 12:00:00,"KTPA","Forecast",2016-07-31,12
"51","2016-07-31 17:00:00",89,2016-07-31 13:00:00,"KTPA","Forecast",2016-07-31,13
"52","2016-07-31 18:00:00",90,2016-07-31 14:00:00,"KTPA","Forecast",2016-07-31,14
"53","2016-07-31 19:00:00",90,2016-07-31 15:00:00,"KTPA","Forecast",2016-07-31,15
"54","2016-07-31 20:00:00",88,2016-07-31 16:00:00,"KTPA","Forecast",2016-07-31,16
"55","2016-07-31 21:00:00",87,2016-07-31 17:00:00,"KTPA","Forecast",2016-07-31,17
"56","2016-07-31 22:00:00",86,2016-07-31 18:00:00,"KTPA","Forecast",2016-07-31,18
"57","2016-07-31 23:00:00",85,2016-07-31 19:00:00,"KTPA","Forecast",2016-07-31,19
"58","2016-08-01 00:00:00",83,2016-07-31 20:00:00,"KTPA","Forecast",2016-07-31,20
"59","2016-08-01 01:00:00",81,2016-07-31 21:00:00,"KTPA","Forecast",2016-07-31,21
"60","2016-08-01 02:00:00",81,2016-07-31 22:00:00,"KTPA","Forecast",2016-07-31,22
"61","2016-08-01 03:00:00",81,2016-07-31 23:00:00,"KTPA","Forecast",2016-07-31,23
"62","2016-08-01 04:00:00",80,2016-08-01 00:00:00,"KTPA","Forecast",2016-08-01,0
"63","2016-08-01 05:00:00",80,2016-08-01 01:00:00,"KTPA","Forecast",2016-08-01,1
"64","2016-08-01 06:00:00",79,2016-08-01 02:00:00,"KTPA","Forecast",2016-08-01,2
"65","2016-08-01 07:00:00",79,2016-08-01 03:00:00,"KTPA","Forecast",2016-08-01,3
"66","2016-08-01 08:00:00",78,2016-08-01 04:00:00,"KTPA","Forecast",2016-08-01,4
"67","2016-08-01 09:00:00",78,2016-08-01 05:00:00,"KTPA","Forecast",2016-08-01,5
"68","2016-08-01 10:00:00",78,2016-08-01 06:00:00,"KTPA","Forecast",2016-08-01,6
"69","2016-08-01 11:00:00",78,2016-08-01 07:00:00,"KTPA","Forecast",2016-08-01,7
"70","2016-08-01 12:00:00",79,2016-08-01 08:00:00,"KTPA","Forecast",2016-08-01,8
"71","2016-08-01 13:00:00",82,2016-08-01 09:00:00,"KTPA","Forecast",2016-08-01,9
"72","2016-08-01 14:00:00",84,2016-08-01 10:00:00,"KTPA","Forecast",2016-08-01,10
"73","2016-08-01 15:00:00",86,2016-08-01 11:00:00,"KTPA","Forecast",2016-08-01,11
"74","2016-08-01 16:00:00",87,2016-08-01 12:00:00,"KTPA","Forecast",2016-08-01,12
"75","2016-08-01 17:00:00",89,2016-08-01 13:00:00,"KTPA","Forecast",2016-08-01,13
"76","2016-08-01 18:00:00",89,2016-08-01 14:00:00,"KTPA","Forecast",2016-08-01,14
"77","2016-08-01 19:00:00",89,2016-08-01 15:00:00,"KTPA","Forecast",2016-08-01,15
"78","2016-08-01 20:00:00",89,2016-08-01 16:00:00,"KTPA","Forecast",2016-08-01,16
"79","2016-08-01 21:00:00",89,2016-08-01 17:00:00,"KTPA","Forecast",2016-08-01,17
"80","2016-08-01 22:00:00",89,2016-08-01 18:00:00,"KTPA","Forecast",2016-08-01,18
"81","2016-08-01 23:00:00",87,2016-08-01 19:00:00,"KTPA","Forecast",2016-08-01,19
"82","2016-08-02 00:00:00",85,2016-08-01 20:00:00,"KTPA","Forecast",2016-08-01,20
"83","2016-08-02 01:00:00",82,2016-08-01 21:00:00,"KTPA","Forecast",2016-08-01,21
"84","2016-08-02 02:00:00",82,2016-08-01 22:00:00,"KTPA","Forecast",2016-08-01,22
"85","2016-08-02 03:00:00",81,2016-08-01 23:00:00,"KTPA","Forecast",2016-08-01,23
"86","2016-08-02 04:00:00",81,2016-08-02 00:00:00,"KTPA","Forecast",2016-08-02,0
"87","2016-08-02 05:00:00",80,2016-08-02 01:00:00,"KTPA","Forecast",2016-08-02,1
"88","2016-08-02 06:00:00",79,2016-08-02 02:00:00,"KTPA","Forecast",2016-08-02,2
"89","2016-08-02 07:00:00",78,2016-08-02 03:00:00,"KTPA","Forecast",2016-08-02,3
"90","2016-08-02 08:00:00",78,2016-08-02 04:00:00,"KTPA","Forecast",2016-08-02,4
"91","2016-08-02 09:00:00",77,2016-08-02 05:00:00,"KTPA","Forecast",2016-08-02,5
"92","2016-08-02 10:00:00",77,2016-08-02 06:00:00,"KTPA","Forecast",2016-08-02,6
"93","2016-08-02 11:00:00",77,2016-08-02 07:00:00,"KTPA","Forecast",2016-08-02,7
"94","2016-08-02 12:00:00",78,2016-08-02 08:00:00,"KTPA","Forecast",2016-08-02,8
"95","2016-08-02 13:00:00",81,2016-08-02 09:00:00,"KTPA","Forecast",2016-08-02,9
"96","2016-08-02 14:00:00",84,2016-08-02 10:00:00,"KTPA","Forecast",2016-08-02,10
"97","2016-08-02 15:00:00",86,2016-08-02 11:00:00,"KTPA","Forecast",2016-08-02,11
"98","2016-08-02 16:00:00",88,2016-08-02 12:00:00,"KTPA","Forecast",2016-08-02,12
"99","2016-08-02 17:00:00",90,2016-08-02 13:00:00,"KTPA","Forecast",2016-08-02,13
"100","2016-08-02 18:00:00",91,2016-08-02 14:00:00,"KTPA","Forecast",2016-08-02,14
"101","2016-08-02 19:00:00",91,2016-08-02 15:00:00,"KTPA","Forecast",2016-08-02,15
"102","2016-08-02 20:00:00",91,2016-08-02 16:00:00,"KTPA","Forecast",2016-08-02,16
"103","2016-08-02 21:00:00",90,2016-08-02 17:00:00,"KTPA","Forecast",2016-08-02,17
"104","2016-08-02 22:00:00",89,2016-08-02 18:00:00,"KTPA","Forecast",2016-08-02,18
"105","2016-08-02 23:00:00",87,2016-08-02 19:00:00,"KTPA","Forecast",2016-08-02,19
"106","2016-08-03 00:00:00",84,2016-08-02 20:00:00,"KTPA","Forecast",2016-08-02,20
"107","2016-08-03 01:00:00",82,2016-08-02 21:00:00,"KTPA","Forecast",2016-08-02,21
"108","2016-08-03 02:00:00",82,2016-08-02 22:00:00,"KTPA","Forecast",2016-08-02,22
"109","2016-08-03 03:00:00",81,2016-08-02 23:00:00,"KTPA","Forecast",2016-08-02,23
"110","2016-08-03 04:00:00",81,2016-08-03 00:00:00,"KTPA","Forecast",2016-08-03,0
"111","2016-08-03 05:00:00",81,2016-08-03 01:00:00,"KTPA","Forecast",2016-08-03,1
"112","2016-08-03 06:00:00",80,2016-08-03 02:00:00,"KTPA","Forecast",2016-08-03,2
"113","2016-08-03 07:00:00",79,2016-08-03 03:00:00,"KTPA","Forecast",2016-08-03,3
"114","2016-08-03 08:00:00",79,2016-08-03 04:00:00,"KTPA","Forecast",2016-08-03,4
"115","2016-08-03 09:00:00",78,2016-08-03 05:00:00,"KTPA","Forecast",2016-08-03,5
"116","2016-08-03 10:00:00",78,2016-08-03 06:00:00,"KTPA","Forecast",2016-08-03,6
"117","2016-08-03 11:00:00",78,2016-08-03 07:00:00,"KTPA","Forecast",2016-08-03,7
"118","2016-08-03 12:00:00",79,2016-08-03 08:00:00,"KTPA","Forecast",2016-08-03,8
"119","2016-08-03 13:00:00",82,2016-08-03 09:00:00,"KTPA","Forecast",2016-08-03,9
"120","2016-08-03 14:00:00",84,2016-08-03 10:00:00,"KTPA","Forecast",2016-08-03,10
"121","2016-08-03 15:00:00",87,2016-08-03 11:00:00,"KTPA","Forecast",2016-08-03,11
"122","2016-08-03 16:00:00",88,2016-08-03 12:00:00,"KTPA","Forecast",2016-08-03,12
"123","2016-08-03 17:00:00",90,2016-08-03 13:00:00,"KTPA","Forecast",2016-08-03,13
"124","2016-08-03 18:00:00",90,2016-08-03 14:00:00,"KTPA","Forecast",2016-08-03,14
"125","2016-08-03 19:00:00",89,2016-08-03 15:00:00,"KTPA","Forecast",2016-08-03,15
"126","2016-08-03 20:00:00",88,2016-08-03 16:00:00,"KTPA","Forecast",2016-08-03,16
"127","2016-08-03 21:00:00",87,2016-08-03 17:00:00,"KTPA","Forecast",2016-08-03,17
"128","2016-08-03 22:00:00",86,2016-08-03 18:00:00,"KTPA","Forecast",2016-08-03,18
"129","2016-08-03 23:00:00",85,2016-08-03 19:00:00,"KTPA","Forecast",2016-08-03,19
"130","2016-08-04 00:00:00",83,2016-08-03 20:00:00,"KTPA","Forecast",2016-08-03,20
"131","2016-08-04 01:00:00",81,2016-08-03 21:00:00,"KTPA","Forecast",2016-08-03,21
"132","2016-08-04 02:00:00",81,2016-08-03 22:00:00,"KTPA","Forecast",2016-08-03,22
"133","2016-08-04 03:00:00",81,2016-08-03 23:00:00,"KTPA","Forecast",2016-08-03,23
"134","2016-08-04 04:00:00",81,2016-08-04 00:00:00,"KTPA","Forecast",2016-08-04,0
"135","2016-08-04 05:00:00",80,2016-08-04 01:00:00,"KTPA","Forecast",2016-08-04,1
"136","2016-08-04 06:00:00",79,2016-08-04 02:00:00,"KTPA","Forecast",2016-08-04,2
"137","2016-08-04 07:00:00",78,2016-08-04 03:00:00,"KTPA","Forecast",2016-08-04,3
"138","2016-08-04 08:00:00",78,2016-08-04 04:00:00,"KTPA","Forecast",2016-08-04,4
"139","2016-08-04 09:00:00",78,2016-08-04 05:00:00,"KTPA","Forecast",2016-08-04,5
"140","2016-08-04 10:00:00",77,2016-08-04 06:00:00,"KTPA","Forecast",2016-08-04,6
"141","2016-08-04 11:00:00",77,2016-08-04 07:00:00,"KTPA","Forecast",2016-08-04,7
"142","2016-08-04 12:00:00",79,2016-08-04 08:00:00,"KTPA","Forecast",2016-08-04,8
"143","2016-08-04 13:00:00",82,2016-08-04 09:00:00,"KTPA","Forecast",2016-08-04,9
"144","2016-08-04 14:00:00",84,2016-08-04 10:00:00,"KTPA","Forecast",2016-08-04,10
"145","2016-08-04 15:00:00",86,2016-08-04 11:00:00,"KTPA","Forecast",2016-08-04,11
"146","2016-08-04 16:00:00",88,2016-08-04 12:00:00,"KTPA","Forecast",2016-08-04,12
"147","2016-08-04 17:00:00",89,2016-08-04 13:00:00,"KTPA","Forecast",2016-08-04,13
"148","2016-08-04 18:00:00",89,2016-08-04 14:00:00,"KTPA","Forecast",2016-08-04,14
"149","2016-08-04 19:00:00",89,2016-08-04 15:00:00,"KTPA","Forecast",2016-08-04,15
"150","2016-08-04 20:00:00",89,2016-08-04 16:00:00,"KTPA","Forecast",2016-08-04,16
"151","2016-08-04 21:00:00",88,2016-08-04 17:00:00,"KTPA","Forecast",2016-08-04,17
"152","2016-08-04 22:00:00",87,2016-08-04 18:00:00,"KTPA","Forecast",2016-08-04,18
"153","2016-08-04 23:00:00",86,2016-08-04 19:00:00,"KTPA","Forecast",2016-08-04,19
"154","2016-08-05 00:00:00",84,2016-08-04 20:00:00,"KTPA","Forecast",2016-08-04,20
"155","2016-08-05 01:00:00",82,2016-08-04 21:00:00,"KTPA","Forecast",2016-08-04,21
"156","2016-08-05 02:00:00",81,2016-08-04 22:00:00,"KTPA","Forecast",2016-08-04,22
"157","2016-08-05 03:00:00",81,2016-08-04 23:00:00,"KTPA","Forecast",2016-08-04,23
"158","2016-08-05 04:00:00",81,2016-08-05 00:00:00,"KTPA","Forecast",2016-08-05,0
"159","2016-08-05 05:00:00",80,2016-08-05 01:00:00,"KTPA","Forecast",2016-08-05,1
"160","2016-08-05 06:00:00",79,2016-08-05 02:00:00,"KTPA","Forecast",2016-08-05,2
"161","2016-08-05 07:00:00",79,2016-08-05 03:00:00,"KTPA","Forecast",2016-08-05,3
"162","2016-08-05 08:00:00",79,2016-08-05 04:00:00,"KTPA","Forecast",2016-08-05,4
"163","2016-08-05 09:00:00",78,2016-08-05 05:00:00,"KTPA","Forecast",2016-08-05,5
"164","2016-08-05 10:00:00",78,2016-08-05 06:00:00,"KTPA","Forecast",2016-08-05,6
"165","2016-08-05 11:00:00",78,2016-08-05 07:00:00,"KTPA","Forecast",2016-08-05,7
"166","2016-08-05 12:00:00",79,2016-08-05 08:00:00,"KTPA","Forecast",2016-08-05,8
"167","2016-08-05 13:00:00",82,2016-08-05 09:00:00,"KTPA","Forecast",2016-08-05,9
"168","2016-08-05 14:00:00",84,2016-08-05 10:00:00,"KTPA","Forecast",2016-08-05,10
"169","2016-08-05 15:00:00",86,2016-08-05 11:00:00,"KTPA","Forecast",2016-08-05,11
"170","2016-08-05 16:00:00",87,2016-08-05 12:00:00,"KTPA","Forecast",2016-08-05,12
"171","2016-08-05 17:00:00",89,2016-08-05 13:00:00,"KTPA","Forecast",2016-08-05,13
"172","2016-08-05 18:00:00",89,2016-08-05 14:00:00,"KTPA","Forecast",2016-08-05,14
"173","2016-08-05 19:00:00",89,2016-08-05 15:00:00,"KTPA","Forecast",2016-08-05,15
"174","2016-08-05 20:00:00",88,2016-08-05 16:00:00,"KTPA","Forecast",2016-08-05,16
"175","2016-08-05 21:00:00",87,2016-08-05 17:00:00,"KTPA","Forecast",2016-08-05,17
"176","2016-08-05 22:00:00",87,2016-08-05 18:00:00,"KTPA","Forecast",2016-08-05,18
"177","2016-08-05 23:00:00",86,2016-08-05 19:00:00,"KTPA","Forecast",2016-08-05,19
"178","2016-08-06 00:00:00",84,2016-08-05 20:00:00,"KTPA","Forecast",2016-08-05,20
"179","2016-08-06 01:00:00",82,2016-08-05 21:00:00,"KTPA","Forecast",2016-08-05,21
"180","2016-08-06 02:00:00",81,2016-08-05 22:00:00,"KTPA","Forecast",2016-08-05,22
"181","2016-08-06 03:00:00",81,2016-08-05 23:00:00,"KTPA","Forecast",2016-08-05,23
"182","2016-08-06 04:00:00",81,2016-08-06 00:00:00,"KTPA","Forecast",2016-08-06,0
"183","2016-08-06 05:00:00",80,2016-08-06 01:00:00,"KTPA","Forecast",2016-08-06,1
"184","2016-08-06 06:00:00",79,2016-08-06 02:00:00,"KTPA","Forecast",2016-08-06,2
"185","2016-08-06 07:00:00",79,2016-08-06 03:00:00,"KTPA","Forecast",2016-08-06,3
"186","2016-08-06 08:00:00",79,2016-08-06 04:00:00,"KTPA","Forecast",2016-08-06,4
"187","2016-08-06 09:00:00",79,2016-08-06 05:00:00,"KTPA","Forecast",2016-08-06,5
"188","2016-08-06 10:00:00",78,2016-08-06 06:00:00,"KTPA","Forecast",2016-08-06,6
"189","2016-08-06 11:00:00",78,2016-08-06 07:00:00,"KTPA","Forecast",2016-08-06,7
"190","2016-08-06 12:00:00",80,2016-08-06 08:00:00,"KTPA","Forecast",2016-08-06,8
"191","2016-08-06 13:00:00",82,2016-08-06 09:00:00,"KTPA","Forecast",2016-08-06,9
"192","2016-08-06 14:00:00",84,2016-08-06 10:00:00,"KTPA","Forecast",2016-08-06,10
"193","2016-08-06 15:00:00",86,2016-08-06 11:00:00,"KTPA","Forecast",2016-08-06,11
"194","2016-08-06 16:00:00",87,2016-08-06 12:00:00,"KTPA","Forecast",2016-08-06,12
"195","2016-08-06 17:00:00",88,2016-08-06 13:00:00,"KTPA","Forecast",2016-08-06,13
"196","2016-08-06 18:00:00",89,2016-08-06 14:00:00,"KTPA","Forecast",2016-08-06,14
"197","2016-08-06 19:00:00",88,2016-08-06 15:00:00,"KTPA","Forecast",2016-08-06,15
"198","2016-08-06 20:00:00",88,2016-08-06 16:00:00,"KTPA","Forecast",2016-08-06,16
"199","2016-08-06 21:00:00",87,2016-08-06 17:00:00,"KTPA","Forecast",2016-08-06,17
"200","2016-08-06 22:00:00",87,2016-08-06 18:00:00,"KTPA","Forecast",2016-08-06,18
"201","2016-08-06 23:00:00",86,2016-08-06 19:00:00,"KTPA","Forecast",2016-08-06,19
"202","2016-08-07 00:00:00",85,2016-08-06 20:00:00,"KTPA","Forecast",2016-08-06,20
"203","2016-08-07 01:00:00",83,2016-08-06 21:00:00,"KTPA","Forecast",2016-08-06,21
"204","2016-08-07 02:00:00",82,2016-08-06 22:00:00,"KTPA","Forecast",2016-08-06,22
"205","2016-08-07 03:00:00",81,2016-08-06 23:00:00,"KTPA","Forecast",2016-08-06,23
"206","2016-08-07 04:00:00",81,2016-08-07 00:00:00,"KTPA","Forecast",2016-08-07,0
"207","2016-08-07 05:00:00",80,2016-08-07 01:00:00,"KTPA","Forecast",2016-08-07,1
"208","2016-08-07 06:00:00",79,2016-08-07 02:00:00,"KTPA","Forecast",2016-08-07,2
"209","2016-08-07 07:00:00",79,2016-08-07 03:00:00,"KTPA","Forecast",2016-08-07,3
"210","2016-08-07 08:00:00",78,2016-08-07 04:00:00,"KTPA","Forecast",2016-08-07,4
"211","2016-08-07 09:00:00",78,2016-08-07 05:00:00,"KTPA","Forecast",2016-08-07,5
"212","2016-08-07 10:00:00",78,2016-08-07 06:00:00,"KTPA","Forecast",2016-08-07,6
"213","2016-08-07 11:00:00",79,2016-08-07 07:00:00,"KTPA","Forecast",2016-08-07,7
"214","2016-08-07 12:00:00",81,2016-08-07 08:00:00,"KTPA","Forecast",2016-08-07,8
"215","2016-08-07 13:00:00",83,2016-08-07 09:00:00,"KTPA","Forecast",2016-08-07,9
"216","2016-08-07 14:00:00",85,2016-08-07 10:00:00,"KTPA","Forecast",2016-08-07,10
"217","2016-08-07 15:00:00",87,2016-08-07 11:00:00,"KTPA","Forecast",2016-08-07,11
"218","2016-08-07 16:00:00",88,2016-08-07 12:00:00,"KTPA","Forecast",2016-08-07,12
"219","2016-08-07 17:00:00",88,2016-08-07 13:00:00,"KTPA","Forecast",2016-08-07,13
"220","2016-08-07 18:00:00",89,2016-08-07 14:00:00,"KTPA","Forecast",2016-08-07,14
"221","2016-08-07 19:00:00",89,2016-08-07 15:00:00,"KTPA","Forecast",2016-08-07,15
"222","2016-08-07 20:00:00",88,2016-08-07 16:00:00,"KTPA","Forecast",2016-08-07,16
"223","2016-08-07 21:00:00",88,2016-08-07 17:00:00,"KTPA","Forecast",2016-08-07,17
"224","2016-08-07 22:00:00",87,2016-08-07 18:00:00,"KTPA","Forecast",2016-08-07,18
"225","2016-08-07 23:00:00",86,2016-08-07 19:00:00,"KTPA","Forecast",2016-08-07,19
"226","2016-08-08 00:00:00",84,2016-08-07 20:00:00,"KTPA","Forecast",2016-08-07,20
"227","2016-08-08 01:00:00",83,2016-08-07 21:00:00,"KTPA","Forecast",2016-08-07,21
"228","2016-08-08 02:00:00",82,2016-08-07 22:00:00,"KTPA","Forecast",2016-08-07,22
"229","2016-08-08 03:00:00",81,2016-08-07 23:00:00,"KTPA","Forecast",2016-08-07,23
"230","2016-08-08 04:00:00",81,2016-08-08 00:00:00,"KTPA","Forecast",2016-08-08,0
"231","2016-08-08 05:00:00",81,2016-08-08 01:00:00,"KTPA","Forecast",2016-08-08,1
"232","2016-08-08 06:00:00",80,2016-08-08 02:00:00,"KTPA","Forecast",2016-08-08,2
"233","2016-08-08 07:00:00",80,2016-08-08 03:00:00,"KTPA","Forecast",2016-08-08,3
"234","2016-08-08 08:00:00",80,2016-08-08 04:00:00,"KTPA","Forecast",2016-08-08,4
"235","2016-08-08 09:00:00",79,2016-08-08 05:00:00,"KTPA","Forecast",2016-08-08,5
"236","2016-08-08 10:00:00",79,2016-08-08 06:00:00,"KTPA","Forecast",2016-08-08,6
"237","2016-08-08 11:00:00",79,2016-08-08 07:00:00,"KTPA","Forecast",2016-08-08,7
"238","2016-08-08 12:00:00",81,2016-08-08 08:00:00,"KTPA","Forecast",2016-08-08,8
"239","2016-08-08 13:00:00",84,2016-08-08 09:00:00,"KTPA","Forecast",2016-08-08,9
"240","2016-08-08 14:00:00",85,2016-08-08 10:00:00,"KTPA","Forecast",2016-08-08,10
"241","2016-07-29 15:00:00",74,2016-07-29 11:00:00,"KPIT","Forecast",2016-07-29,11
"242","2016-07-29 16:00:00",77,2016-07-29 12:00:00,"KPIT","Forecast",2016-07-29,12
"243","2016-07-29 17:00:00",80,2016-07-29 13:00:00,"KPIT","Forecast",2016-07-29,13
"244","2016-07-29 18:00:00",82,2016-07-29 14:00:00,"KPIT","Forecast",2016-07-29,14
"245","2016-07-29 19:00:00",83,2016-07-29 15:00:00,"KPIT","Forecast",2016-07-29,15
"246","2016-07-29 20:00:00",84,2016-07-29 16:00:00,"KPIT","Forecast",2016-07-29,16
"247","2016-07-29 21:00:00",84,2016-07-29 17:00:00,"KPIT","Forecast",2016-07-29,17
"248","2016-07-29 22:00:00",83,2016-07-29 18:00:00,"KPIT","Forecast",2016-07-29,18
"249","2016-07-29 23:00:00",82,2016-07-29 19:00:00,"KPIT","Forecast",2016-07-29,19
"250","2016-07-30 00:00:00",81,2016-07-29 20:00:00,"KPIT","Forecast",2016-07-29,20
"251","2016-07-30 01:00:00",78,2016-07-29 21:00:00,"KPIT","Forecast",2016-07-29,21
"252","2016-07-30 02:00:00",76,2016-07-29 22:00:00,"KPIT","Forecast",2016-07-29,22
"253","2016-07-30 03:00:00",74,2016-07-29 23:00:00,"KPIT","Forecast",2016-07-29,23
"254","2016-07-30 04:00:00",73,2016-07-30 00:00:00,"KPIT","Forecast",2016-07-30,0
"255","2016-07-30 05:00:00",72,2016-07-30 01:00:00,"KPIT","Forecast",2016-07-30,1
"256","2016-07-30 06:00:00",72,2016-07-30 02:00:00,"KPIT","Forecast",2016-07-30,2
"257","2016-07-30 07:00:00",71,2016-07-30 03:00:00,"KPIT","Forecast",2016-07-30,3
"258","2016-07-30 08:00:00",71,2016-07-30 04:00:00,"KPIT","Forecast",2016-07-30,4
"259","2016-07-30 09:00:00",70,2016-07-30 05:00:00,"KPIT","Forecast",2016-07-30,5
"260","2016-07-30 10:00:00",70,2016-07-30 06:00:00,"KPIT","Forecast",2016-07-30,6
"261","2016-07-30 11:00:00",70,2016-07-30 07:00:00,"KPIT","Forecast",2016-07-30,7
"262","2016-07-30 12:00:00",71,2016-07-30 08:00:00,"KPIT","Forecast",2016-07-30,8
"263","2016-07-30 13:00:00",72,2016-07-30 09:00:00,"KPIT","Forecast",2016-07-30,9
"264","2016-07-30 14:00:00",73,2016-07-30 10:00:00,"KPIT","Forecast",2016-07-30,10
"265","2016-07-30 15:00:00",75,2016-07-30 11:00:00,"KPIT","Forecast",2016-07-30,11
"266","2016-07-30 16:00:00",76,2016-07-30 12:00:00,"KPIT","Forecast",2016-07-30,12
"267","2016-07-30 17:00:00",78,2016-07-30 13:00:00,"KPIT","Forecast",2016-07-30,13
"268","2016-07-30 18:00:00",79,2016-07-30 14:00:00,"KPIT","Forecast",2016-07-30,14
"269","2016-07-30 19:00:00",79,2016-07-30 15:00:00,"KPIT","Forecast",2016-07-30,15
"270","2016-07-30 20:00:00",79,2016-07-30 16:00:00,"KPIT","Forecast",2016-07-30,16
"271","2016-07-30 21:00:00",78,2016-07-30 17:00:00,"KPIT","Forecast",2016-07-30,17
"272","2016-07-30 22:00:00",78,2016-07-30 18:00:00,"KPIT","Forecast",2016-07-30,18
"273","2016-07-30 23:00:00",77,2016-07-30 19:00:00,"KPIT","Forecast",2016-07-30,19
"274","2016-07-31 00:00:00",76,2016-07-30 20:00:00,"KPIT","Forecast",2016-07-30,20
"275","2016-07-31 01:00:00",75,2016-07-30 21:00:00,"KPIT","Forecast",2016-07-30,21
"276","2016-07-31 02:00:00",74,2016-07-30 22:00:00,"KPIT","Forecast",2016-07-30,22
"277","2016-07-31 03:00:00",73,2016-07-30 23:00:00,"KPIT","Forecast",2016-07-30,23
"278","2016-07-31 04:00:00",72,2016-07-31 00:00:00,"KPIT","Forecast",2016-07-31,0
"279","2016-07-31 05:00:00",72,2016-07-31 01:00:00,"KPIT","Forecast",2016-07-31,1
"280","2016-07-31 06:00:00",71,2016-07-31 02:00:00,"KPIT","Forecast",2016-07-31,2
"281","2016-07-31 07:00:00",71,2016-07-31 03:00:00,"KPIT","Forecast",2016-07-31,3
"282","2016-07-31 08:00:00",70,2016-07-31 04:00:00,"KPIT","Forecast",2016-07-31,4
"283","2016-07-31 09:00:00",70,2016-07-31 05:00:00,"KPIT","Forecast",2016-07-31,5
"284","2016-07-31 10:00:00",69,2016-07-31 06:00:00,"KPIT","Forecast",2016-07-31,6
"285","2016-07-31 11:00:00",69,2016-07-31 07:00:00,"KPIT","Forecast",2016-07-31,7
"286","2016-07-31 12:00:00",70,2016-07-31 08:00:00,"KPIT","Forecast",2016-07-31,8
"287","2016-07-31 13:00:00",71,2016-07-31 09:00:00,"KPIT","Forecast",2016-07-31,9
"288","2016-07-31 14:00:00",73,2016-07-31 10:00:00,"KPIT","Forecast",2016-07-31,10
"289","2016-07-31 15:00:00",75,2016-07-31 11:00:00,"KPIT","Forecast",2016-07-31,11
"290","2016-07-31 16:00:00",76,2016-07-31 12:00:00,"KPIT","Forecast",2016-07-31,12
"291","2016-07-31 17:00:00",78,2016-07-31 13:00:00,"KPIT","Forecast",2016-07-31,13
"292","2016-07-31 18:00:00",79,2016-07-31 14:00:00,"KPIT","Forecast",2016-07-31,14
"293","2016-07-31 19:00:00",80,2016-07-31 15:00:00,"KPIT","Forecast",2016-07-31,15
"294","2016-07-31 20:00:00",80,2016-07-31 16:00:00,"KPIT","Forecast",2016-07-31,16
"295","2016-07-31 21:00:00",80,2016-07-31 17:00:00,"KPIT","Forecast",2016-07-31,17
"296","2016-07-31 22:00:00",79,2016-07-31 18:00:00,"KPIT","Forecast",2016-07-31,18
"297","2016-07-31 23:00:00",78,2016-07-31 19:00:00,"KPIT","Forecast",2016-07-31,19
"298","2016-08-01 00:00:00",77,2016-07-31 20:00:00,"KPIT","Forecast",2016-07-31,20
"299","2016-08-01 01:00:00",75,2016-07-31 21:00:00,"KPIT","Forecast",2016-07-31,21
"300","2016-08-01 02:00:00",74,2016-07-31 22:00:00,"KPIT","Forecast",2016-07-31,22
"301","2016-08-01 03:00:00",73,2016-07-31 23:00:00,"KPIT","Forecast",2016-07-31,23
"302","2016-08-01 04:00:00",71,2016-08-01 00:00:00,"KPIT","Forecast",2016-08-01,0
"303","2016-08-01 05:00:00",70,2016-08-01 01:00:00,"KPIT","Forecast",2016-08-01,1
"304","2016-08-01 06:00:00",70,2016-08-01 02:00:00,"KPIT","Forecast",2016-08-01,2
"305","2016-08-01 07:00:00",69,2016-08-01 03:00:00,"KPIT","Forecast",2016-08-01,3
"306","2016-08-01 08:00:00",68,2016-08-01 04:00:00,"KPIT","Forecast",2016-08-01,4
"307","2016-08-01 09:00:00",67,2016-08-01 05:00:00,"KPIT","Forecast",2016-08-01,5
"308","2016-08-01 10:00:00",67,2016-08-01 06:00:00,"KPIT","Forecast",2016-08-01,6
"309","2016-08-01 11:00:00",66,2016-08-01 07:00:00,"KPIT","Forecast",2016-08-01,7
"310","2016-08-01 12:00:00",68,2016-08-01 08:00:00,"KPIT","Forecast",2016-08-01,8
"311","2016-08-01 13:00:00",69,2016-08-01 09:00:00,"KPIT","Forecast",2016-08-01,9
"312","2016-08-01 14:00:00",71,2016-08-01 10:00:00,"KPIT","Forecast",2016-08-01,10
"313","2016-08-01 15:00:00",73,2016-08-01 11:00:00,"KPIT","Forecast",2016-08-01,11
"314","2016-08-01 16:00:00",74,2016-08-01 12:00:00,"KPIT","Forecast",2016-08-01,12
"315","2016-08-01 17:00:00",76,2016-08-01 13:00:00,"KPIT","Forecast",2016-08-01,13
"316","2016-08-01 18:00:00",79,2016-08-01 14:00:00,"KPIT","Forecast",2016-08-01,14
"317","2016-08-01 19:00:00",80,2016-08-01 15:00:00,"KPIT","Forecast",2016-08-01,15
"318","2016-08-01 20:00:00",81,2016-08-01 16:00:00,"KPIT","Forecast",2016-08-01,16
"319","2016-08-01 21:00:00",80,2016-08-01 17:00:00,"KPIT","Forecast",2016-08-01,17
"320","2016-08-01 22:00:00",80,2016-08-01 18:00:00,"KPIT","Forecast",2016-08-01,18
"321","2016-08-01 23:00:00",79,2016-08-01 19:00:00,"KPIT","Forecast",2016-08-01,19
"322","2016-08-02 00:00:00",77,2016-08-01 20:00:00,"KPIT","Forecast",2016-08-01,20
"323","2016-08-02 01:00:00",74,2016-08-01 21:00:00,"KPIT","Forecast",2016-08-01,21
"324","2016-08-02 02:00:00",72,2016-08-01 22:00:00,"KPIT","Forecast",2016-08-01,22
"325","2016-08-02 03:00:00",71,2016-08-01 23:00:00,"KPIT","Forecast",2016-08-01,23
"326","2016-08-02 04:00:00",69,2016-08-02 00:00:00,"KPIT","Forecast",2016-08-02,0
"327","2016-08-02 05:00:00",67,2016-08-02 01:00:00,"KPIT","Forecast",2016-08-02,1
"328","2016-08-02 06:00:00",66,2016-08-02 02:00:00,"KPIT","Forecast",2016-08-02,2
"329","2016-08-02 07:00:00",65,2016-08-02 03:00:00,"KPIT","Forecast",2016-08-02,3
"330","2016-08-02 08:00:00",64,2016-08-02 04:00:00,"KPIT","Forecast",2016-08-02,4
"331","2016-08-02 09:00:00",63,2016-08-02 05:00:00,"KPIT","Forecast",2016-08-02,5
"332","2016-08-02 10:00:00",63,2016-08-02 06:00:00,"KPIT","Forecast",2016-08-02,6
"333","2016-08-02 11:00:00",63,2016-08-02 07:00:00,"KPIT","Forecast",2016-08-02,7
"334","2016-08-02 12:00:00",66,2016-08-02 08:00:00,"KPIT","Forecast",2016-08-02,8
"335","2016-08-02 13:00:00",69,2016-08-02 09:00:00,"KPIT","Forecast",2016-08-02,9
"336","2016-08-02 14:00:00",73,2016-08-02 10:00:00,"KPIT","Forecast",2016-08-02,10
"337","2016-08-02 15:00:00",77,2016-08-02 11:00:00,"KPIT","Forecast",2016-08-02,11
"338","2016-08-02 16:00:00",80,2016-08-02 12:00:00,"KPIT","Forecast",2016-08-02,12
"339","2016-08-02 17:00:00",81,2016-08-02 13:00:00,"KPIT","Forecast",2016-08-02,13
"340","2016-08-02 18:00:00",83,2016-08-02 14:00:00,"KPIT","Forecast",2016-08-02,14
"341","2016-08-02 19:00:00",84,2016-08-02 15:00:00,"KPIT","Forecast",2016-08-02,15
"342","2016-08-02 20:00:00",84,2016-08-02 16:00:00,"KPIT","Forecast",2016-08-02,16
"343","2016-08-02 21:00:00",84,2016-08-02 17:00:00,"KPIT","Forecast",2016-08-02,17
"344","2016-08-02 22:00:00",82,2016-08-02 18:00:00,"KPIT","Forecast",2016-08-02,18
"345","2016-08-02 23:00:00",81,2016-08-02 19:00:00,"KPIT","Forecast",2016-08-02,19
"346","2016-08-03 00:00:00",79,2016-08-02 20:00:00,"KPIT","Forecast",2016-08-02,20
"347","2016-08-03 01:00:00",76,2016-08-02 21:00:00,"KPIT","Forecast",2016-08-02,21
"348","2016-08-03 02:00:00",74,2016-08-02 22:00:00,"KPIT","Forecast",2016-08-02,22
"349","2016-08-03 03:00:00",72,2016-08-02 23:00:00,"KPIT","Forecast",2016-08-02,23
"350","2016-08-03 04:00:00",71,2016-08-03 00:00:00,"KPIT","Forecast",2016-08-03,0
"351","2016-08-03 05:00:00",69,2016-08-03 01:00:00,"KPIT","Forecast",2016-08-03,1
"352","2016-08-03 06:00:00",68,2016-08-03 02:00:00,"KPIT","Forecast",2016-08-03,2
"353","2016-08-03 07:00:00",67,2016-08-03 03:00:00,"KPIT","Forecast",2016-08-03,3
"354","2016-08-03 08:00:00",66,2016-08-03 04:00:00,"KPIT","Forecast",2016-08-03,4
"355","2016-08-03 09:00:00",65,2016-08-03 05:00:00,"KPIT","Forecast",2016-08-03,5
"356","2016-08-03 10:00:00",64,2016-08-03 06:00:00,"KPIT","Forecast",2016-08-03,6
"357","2016-08-03 11:00:00",65,2016-08-03 07:00:00,"KPIT","Forecast",2016-08-03,7
"358","2016-08-03 12:00:00",68,2016-08-03 08:00:00,"KPIT","Forecast",2016-08-03,8
"359","2016-08-03 13:00:00",72,2016-08-03 09:00:00,"KPIT","Forecast",2016-08-03,9
"360","2016-08-03 14:00:00",76,2016-08-03 10:00:00,"KPIT","Forecast",2016-08-03,10
"361","2016-08-03 15:00:00",80,2016-08-03 11:00:00,"KPIT","Forecast",2016-08-03,11
"362","2016-08-03 16:00:00",82,2016-08-03 12:00:00,"KPIT","Forecast",2016-08-03,12
"363","2016-08-03 17:00:00",84,2016-08-03 13:00:00,"KPIT","Forecast",2016-08-03,13
"364","2016-08-03 18:00:00",85,2016-08-03 14:00:00,"KPIT","Forecast",2016-08-03,14
"365","2016-08-03 19:00:00",86,2016-08-03 15:00:00,"KPIT","Forecast",2016-08-03,15
"366","2016-08-03 20:00:00",86,2016-08-03 16:00:00,"KPIT","Forecast",2016-08-03,16
"367","2016-08-03 21:00:00",85,2016-08-03 17:00:00,"KPIT","Forecast",2016-08-03,17
"368","2016-08-03 22:00:00",84,2016-08-03 18:00:00,"KPIT","Forecast",2016-08-03,18
"369","2016-08-03 23:00:00",82,2016-08-03 19:00:00,"KPIT","Forecast",2016-08-03,19
"370","2016-08-04 00:00:00",80,2016-08-03 20:00:00,"KPIT","Forecast",2016-08-03,20
"371","2016-08-04 01:00:00",77,2016-08-03 21:00:00,"KPIT","Forecast",2016-08-03,21
"372","2016-08-04 02:00:00",75,2016-08-03 22:00:00,"KPIT","Forecast",2016-08-03,22
"373","2016-08-04 03:00:00",74,2016-08-03 23:00:00,"KPIT","Forecast",2016-08-03,23
"374","2016-08-04 04:00:00",72,2016-08-04 00:00:00,"KPIT","Forecast",2016-08-04,0
"375","2016-08-04 05:00:00",72,2016-08-04 01:00:00,"KPIT","Forecast",2016-08-04,1
"376","2016-08-04 06:00:00",71,2016-08-04 02:00:00,"KPIT","Forecast",2016-08-04,2
"377","2016-08-04 07:00:00",70,2016-08-04 03:00:00,"KPIT","Forecast",2016-08-04,3
"378","2016-08-04 08:00:00",69,2016-08-04 04:00:00,"KPIT","Forecast",2016-08-04,4
"379","2016-08-04 09:00:00",68,2016-08-04 05:00:00,"KPIT","Forecast",2016-08-04,5
"380","2016-08-04 10:00:00",68,2016-08-04 06:00:00,"KPIT","Forecast",2016-08-04,6
"381","2016-08-04 11:00:00",68,2016-08-04 07:00:00,"KPIT","Forecast",2016-08-04,7
"382","2016-08-04 12:00:00",70,2016-08-04 08:00:00,"KPIT","Forecast",2016-08-04,8
"383","2016-08-04 13:00:00",73,2016-08-04 09:00:00,"KPIT","Forecast",2016-08-04,9
"384","2016-08-04 14:00:00",77,2016-08-04 10:00:00,"KPIT","Forecast",2016-08-04,10
"385","2016-08-04 15:00:00",80,2016-08-04 11:00:00,"KPIT","Forecast",2016-08-04,11
"386","2016-08-04 16:00:00",82,2016-08-04 12:00:00,"KPIT","Forecast",2016-08-04,12
"387","2016-08-04 17:00:00",84,2016-08-04 13:00:00,"KPIT","Forecast",2016-08-04,13
"388","2016-08-04 18:00:00",85,2016-08-04 14:00:00,"KPIT","Forecast",2016-08-04,14
"389","2016-08-04 19:00:00",86,2016-08-04 15:00:00,"KPIT","Forecast",2016-08-04,15
"390","2016-08-04 20:00:00",87,2016-08-04 16:00:00,"KPIT","Forecast",2016-08-04,16
"391","2016-08-04 21:00:00",85,2016-08-04 17:00:00,"KPIT","Forecast",2016-08-04,17
"392","2016-08-04 22:00:00",85,2016-08-04 18:00:00,"KPIT","Forecast",2016-08-04,18
"393","2016-08-04 23:00:00",84,2016-08-04 19:00:00,"KPIT","Forecast",2016-08-04,19
"394","2016-08-05 00:00:00",82,2016-08-04 20:00:00,"KPIT","Forecast",2016-08-04,20
"395","2016-08-05 01:00:00",79,2016-08-04 21:00:00,"KPIT","Forecast",2016-08-04,21
"396","2016-08-05 02:00:00",78,2016-08-04 22:00:00,"KPIT","Forecast",2016-08-04,22
"397","2016-08-05 03:00:00",76,2016-08-04 23:00:00,"KPIT","Forecast",2016-08-04,23
"398","2016-08-05 04:00:00",75,2016-08-05 00:00:00,"KPIT","Forecast",2016-08-05,0
"399","2016-08-05 05:00:00",74,2016-08-05 01:00:00,"KPIT","Forecast",2016-08-05,1
"400","2016-08-05 06:00:00",73,2016-08-05 02:00:00,"KPIT","Forecast",2016-08-05,2
"401","2016-08-05 07:00:00",72,2016-08-05 03:00:00,"KPIT","Forecast",2016-08-05,3
"402","2016-08-05 08:00:00",72,2016-08-05 04:00:00,"KPIT","Forecast",2016-08-05,4
"403","2016-08-05 09:00:00",71,2016-08-05 05:00:00,"KPIT","Forecast",2016-08-05,5
"404","2016-08-05 10:00:00",71,2016-08-05 06:00:00,"KPIT","Forecast",2016-08-05,6
"405","2016-08-05 11:00:00",71,2016-08-05 07:00:00,"KPIT","Forecast",2016-08-05,7
"406","2016-08-05 12:00:00",73,2016-08-05 08:00:00,"KPIT","Forecast",2016-08-05,8
"407","2016-08-05 13:00:00",75,2016-08-05 09:00:00,"KPIT","Forecast",2016-08-05,9
"408","2016-08-05 14:00:00",77,2016-08-05 10:00:00,"KPIT","Forecast",2016-08-05,10
"409","2016-08-05 15:00:00",80,2016-08-05 11:00:00,"KPIT","Forecast",2016-08-05,11
"410","2016-08-05 16:00:00",82,2016-08-05 12:00:00,"KPIT","Forecast",2016-08-05,12
"411","2016-08-05 17:00:00",83,2016-08-05 13:00:00,"KPIT","Forecast",2016-08-05,13
"412","2016-08-05 18:00:00",84,2016-08-05 14:00:00,"KPIT","Forecast",2016-08-05,14
"413","2016-08-05 19:00:00",85,2016-08-05 15:00:00,"KPIT","Forecast",2016-08-05,15
"414","2016-08-05 20:00:00",84,2016-08-05 16:00:00,"KPIT","Forecast",2016-08-05,16
"415","2016-08-05 21:00:00",83,2016-08-05 17:00:00,"KPIT","Forecast",2016-08-05,17
"416","2016-08-05 22:00:00",83,2016-08-05 18:00:00,"KPIT","Forecast",2016-08-05,18
"417","2016-08-05 23:00:00",82,2016-08-05 19:00:00,"KPIT","Forecast",2016-08-05,19
"418","2016-08-06 00:00:00",81,2016-08-05 20:00:00,"KPIT","Forecast",2016-08-05,20
"419","2016-08-06 01:00:00",79,2016-08-05 21:00:00,"KPIT","Forecast",2016-08-05,21
"420","2016-08-06 02:00:00",77,2016-08-05 22:00:00,"KPIT","Forecast",2016-08-05,22
"421","2016-08-06 03:00:00",76,2016-08-05 23:00:00,"KPIT","Forecast",2016-08-05,23
"422","2016-08-06 04:00:00",76,2016-08-06 00:00:00,"KPIT","Forecast",2016-08-06,0
"423","2016-08-06 05:00:00",75,2016-08-06 01:00:00,"KPIT","Forecast",2016-08-06,1
"424","2016-08-06 06:00:00",74,2016-08-06 02:00:00,"KPIT","Forecast",2016-08-06,2
"425","2016-08-06 07:00:00",73,2016-08-06 03:00:00,"KPIT","Forecast",2016-08-06,3
"426","2016-08-06 08:00:00",72,2016-08-06 04:00:00,"KPIT","Forecast",2016-08-06,4
"427","2016-08-06 09:00:00",72,2016-08-06 05:00:00,"KPIT","Forecast",2016-08-06,5
"428","2016-08-06 10:00:00",71,2016-08-06 06:00:00,"KPIT","Forecast",2016-08-06,6
"429","2016-08-06 11:00:00",71,2016-08-06 07:00:00,"KPIT","Forecast",2016-08-06,7
"430","2016-08-06 12:00:00",72,2016-08-06 08:00:00,"KPIT","Forecast",2016-08-06,8
"431","2016-08-06 13:00:00",73,2016-08-06 09:00:00,"KPIT","Forecast",2016-08-06,9
"432","2016-08-06 14:00:00",75,2016-08-06 10:00:00,"KPIT","Forecast",2016-08-06,10
"433","2016-08-06 15:00:00",77,2016-08-06 11:00:00,"KPIT","Forecast",2016-08-06,11
"434","2016-08-06 16:00:00",79,2016-08-06 12:00:00,"KPIT","Forecast",2016-08-06,12
"435","2016-08-06 17:00:00",81,2016-08-06 13:00:00,"KPIT","Forecast",2016-08-06,13
"436","2016-08-06 18:00:00",82,2016-08-06 14:00:00,"KPIT","Forecast",2016-08-06,14
"437","2016-08-06 19:00:00",82,2016-08-06 15:00:00,"KPIT","Forecast",2016-08-06,15
"438","2016-08-06 20:00:00",82,2016-08-06 16:00:00,"KPIT","Forecast",2016-08-06,16
"439","2016-08-06 21:00:00",81,2016-08-06 17:00:00,"KPIT","Forecast",2016-08-06,17
"440","2016-08-06 22:00:00",80,2016-08-06 18:00:00,"KPIT","Forecast",2016-08-06,18
"441","2016-08-06 23:00:00",79,2016-08-06 19:00:00,"KPIT","Forecast",2016-08-06,19
"442","2016-08-07 00:00:00",78,2016-08-06 20:00:00,"KPIT","Forecast",2016-08-06,20
"443","2016-08-07 01:00:00",76,2016-08-06 21:00:00,"KPIT","Forecast",2016-08-06,21
"444","2016-08-07 02:00:00",75,2016-08-06 22:00:00,"KPIT","Forecast",2016-08-06,22
"445","2016-08-07 03:00:00",74,2016-08-06 23:00:00,"KPIT","Forecast",2016-08-06,23
"446","2016-08-07 04:00:00",72,2016-08-07 00:00:00,"KPIT","Forecast",2016-08-07,0
"447","2016-08-07 05:00:00",71,2016-08-07 01:00:00,"KPIT","Forecast",2016-08-07,1
"448","2016-08-07 06:00:00",70,2016-08-07 02:00:00,"KPIT","Forecast",2016-08-07,2
"449","2016-08-07 07:00:00",69,2016-08-07 03:00:00,"KPIT","Forecast",2016-08-07,3
"450","2016-08-07 08:00:00",68,2016-08-07 04:00:00,"KPIT","Forecast",2016-08-07,4
"451","2016-08-07 09:00:00",68,2016-08-07 05:00:00,"KPIT","Forecast",2016-08-07,5
"452","2016-08-07 10:00:00",67,2016-08-07 06:00:00,"KPIT","Forecast",2016-08-07,6
"453","2016-08-07 11:00:00",67,2016-08-07 07:00:00,"KPIT","Forecast",2016-08-07,7
"454","2016-08-07 12:00:00",67,2016-08-07 08:00:00,"KPIT","Forecast",2016-08-07,8
"455","2016-08-07 13:00:00",69,2016-08-07 09:00:00,"KPIT","Forecast",2016-08-07,9
"456","2016-08-07 14:00:00",72,2016-08-07 10:00:00,"KPIT","Forecast",2016-08-07,10
"457","2016-08-07 15:00:00",74,2016-08-07 11:00:00,"KPIT","Forecast",2016-08-07,11
"458","2016-08-07 16:00:00",76,2016-08-07 12:00:00,"KPIT","Forecast",2016-08-07,12
"459","2016-08-07 17:00:00",78,2016-08-07 13:00:00,"KPIT","Forecast",2016-08-07,13
"460","2016-08-07 18:00:00",80,2016-08-07 14:00:00,"KPIT","Forecast",2016-08-07,14
"461","2016-08-07 19:00:00",80,2016-08-07 15:00:00,"KPIT","Forecast",2016-08-07,15
"462","2016-08-07 20:00:00",81,2016-08-07 16:00:00,"KPIT","Forecast",2016-08-07,16
"463","2016-08-07 21:00:00",80,2016-08-07 17:00:00,"KPIT","Forecast",2016-08-07,17
"464","2016-08-07 22:00:00",79,2016-08-07 18:00:00,"KPIT","Forecast",2016-08-07,18
"465","2016-08-07 23:00:00",78,2016-08-07 19:00:00,"KPIT","Forecast",2016-08-07,19
"466","2016-08-08 00:00:00",76,2016-08-07 20:00:00,"KPIT","Forecast",2016-08-07,20
"467","2016-08-08 01:00:00",73,2016-08-07 21:00:00,"KPIT","Forecast",2016-08-07,21
"468","2016-08-08 02:00:00",71,2016-08-07 22:00:00,"KPIT","Forecast",2016-08-07,22
"469","2016-08-08 03:00:00",69,2016-08-07 23:00:00,"KPIT","Forecast",2016-08-07,23
"470","2016-08-08 04:00:00",68,2016-08-08 00:00:00,"KPIT","Forecast",2016-08-08,0
"471","2016-08-08 05:00:00",66,2016-08-08 01:00:00,"KPIT","Forecast",2016-08-08,1
"472","2016-08-08 06:00:00",65,2016-08-08 02:00:00,"KPIT","Forecast",2016-08-08,2
"473","2016-08-08 07:00:00",65,2016-08-08 03:00:00,"KPIT","Forecast",2016-08-08,3
"474","2016-08-08 08:00:00",63,2016-08-08 04:00:00,"KPIT","Forecast",2016-08-08,4
"475","2016-08-08 09:00:00",62,2016-08-08 05:00:00,"KPIT","Forecast",2016-08-08,5
"476","2016-08-08 10:00:00",62,2016-08-08 06:00:00,"KPIT","Forecast",2016-08-08,6
"477","2016-08-08 11:00:00",62,2016-08-08 07:00:00,"KPIT","Forecast",2016-08-08,7
"478","2016-08-08 12:00:00",64,2016-08-08 08:00:00,"KPIT","Forecast",2016-08-08,8
"479","2016-08-08 13:00:00",67,2016-08-08 09:00:00,"KPIT","Forecast",2016-08-08,9
"480","2016-08-08 14:00:00",71,2016-08-08 10:00:00,"KPIT","Forecast",2016-08-08,10
"481","2016-07-29 15:00:00",71,2016-07-29 11:00:00,"KBHB","Forecast",2016-07-29,11
"482","2016-07-29 16:00:00",73,2016-07-29 12:00:00,"KBHB","Forecast",2016-07-29,12
"483","2016-07-29 17:00:00",74,2016-07-29 13:00:00,"KBHB","Forecast",2016-07-29,13
"484","2016-07-29 18:00:00",75,2016-07-29 14:00:00,"KBHB","Forecast",2016-07-29,14
"485","2016-07-29 19:00:00",75,2016-07-29 15:00:00,"KBHB","Forecast",2016-07-29,15
"486","2016-07-29 20:00:00",74,2016-07-29 16:00:00,"KBHB","Forecast",2016-07-29,16
"487","2016-07-29 21:00:00",75,2016-07-29 17:00:00,"KBHB","Forecast",2016-07-29,17
"488","2016-07-29 22:00:00",72,2016-07-29 18:00:00,"KBHB","Forecast",2016-07-29,18
"489","2016-07-29 23:00:00",71,2016-07-29 19:00:00,"KBHB","Forecast",2016-07-29,19
"490","2016-07-30 00:00:00",69,2016-07-29 20:00:00,"KBHB","Forecast",2016-07-29,20
"491","2016-07-30 01:00:00",68,2016-07-29 21:00:00,"KBHB","Forecast",2016-07-29,21
"492","2016-07-30 02:00:00",67,2016-07-29 22:00:00,"KBHB","Forecast",2016-07-29,22
"493","2016-07-30 03:00:00",66,2016-07-29 23:00:00,"KBHB","Forecast",2016-07-29,23
"494","2016-07-30 04:00:00",65,2016-07-30 00:00:00,"KBHB","Forecast",2016-07-30,0
"495","2016-07-30 05:00:00",64,2016-07-30 01:00:00,"KBHB","Forecast",2016-07-30,1
"496","2016-07-30 06:00:00",64,2016-07-30 02:00:00,"KBHB","Forecast",2016-07-30,2
"497","2016-07-30 07:00:00",63,2016-07-30 03:00:00,"KBHB","Forecast",2016-07-30,3
"498","2016-07-30 08:00:00",63,2016-07-30 04:00:00,"KBHB","Forecast",2016-07-30,4
"499","2016-07-30 09:00:00",62,2016-07-30 05:00:00,"KBHB","Forecast",2016-07-30,5
"500","2016-07-30 10:00:00",62,2016-07-30 06:00:00,"KBHB","Forecast",2016-07-30,6
"501","2016-07-30 11:00:00",65,2016-07-30 07:00:00,"KBHB","Forecast",2016-07-30,7
"502","2016-07-30 12:00:00",68,2016-07-30 08:00:00,"KBHB","Forecast",2016-07-30,8
"503","2016-07-30 13:00:00",70,2016-07-30 09:00:00,"KBHB","Forecast",2016-07-30,9
"504","2016-07-30 14:00:00",73,2016-07-30 10:00:00,"KBHB","Forecast",2016-07-30,10
"505","2016-07-30 15:00:00",75,2016-07-30 11:00:00,"KBHB","Forecast",2016-07-30,11
"506","2016-07-30 16:00:00",77,2016-07-30 12:00:00,"KBHB","Forecast",2016-07-30,12
"507","2016-07-30 17:00:00",79,2016-07-30 13:00:00,"KBHB","Forecast",2016-07-30,13
"508","2016-07-30 18:00:00",80,2016-07-30 14:00:00,"KBHB","Forecast",2016-07-30,14
"509","2016-07-30 19:00:00",79,2016-07-30 15:00:00,"KBHB","Forecast",2016-07-30,15
"510","2016-07-30 20:00:00",78,2016-07-30 16:00:00,"KBHB","Forecast",2016-07-30,16
"511","2016-07-30 21:00:00",78,2016-07-30 17:00:00,"KBHB","Forecast",2016-07-30,17
"512","2016-07-30 22:00:00",76,2016-07-30 18:00:00,"KBHB","Forecast",2016-07-30,18
"513","2016-07-30 23:00:00",74,2016-07-30 19:00:00,"KBHB","Forecast",2016-07-30,19
"514","2016-07-31 00:00:00",71,2016-07-30 20:00:00,"KBHB","Forecast",2016-07-30,20
"515","2016-07-31 01:00:00",69,2016-07-30 21:00:00,"KBHB","Forecast",2016-07-30,21
"516","2016-07-31 02:00:00",68,2016-07-30 22:00:00,"KBHB","Forecast",2016-07-30,22
"517","2016-07-31 03:00:00",66,2016-07-30 23:00:00,"KBHB","Forecast",2016-07-30,23
"518","2016-07-31 04:00:00",65,2016-07-31 00:00:00,"KBHB","Forecast",2016-07-31,0
"519","2016-07-31 05:00:00",64,2016-07-31 01:00:00,"KBHB","Forecast",2016-07-31,1
"520","2016-07-31 06:00:00",63,2016-07-31 02:00:00,"KBHB","Forecast",2016-07-31,2
"521","2016-07-31 07:00:00",62,2016-07-31 03:00:00,"KBHB","Forecast",2016-07-31,3
"522","2016-07-31 08:00:00",61,2016-07-31 04:00:00,"KBHB","Forecast",2016-07-31,4
"523","2016-07-31 09:00:00",61,2016-07-31 05:00:00,"KBHB","Forecast",2016-07-31,5
"524","2016-07-31 10:00:00",61,2016-07-31 06:00:00,"KBHB","Forecast",2016-07-31,6
"525","2016-07-31 11:00:00",65,2016-07-31 07:00:00,"KBHB","Forecast",2016-07-31,7
"526","2016-07-31 12:00:00",68,2016-07-31 08:00:00,"KBHB","Forecast",2016-07-31,8
"527","2016-07-31 13:00:00",70,2016-07-31 09:00:00,"KBHB","Forecast",2016-07-31,9
"528","2016-07-31 14:00:00",72,2016-07-31 10:00:00,"KBHB","Forecast",2016-07-31,10
"529","2016-07-31 15:00:00",73,2016-07-31 11:00:00,"KBHB","Forecast",2016-07-31,11
"530","2016-07-31 16:00:00",74,2016-07-31 12:00:00,"KBHB","Forecast",2016-07-31,12
"531","2016-07-31 17:00:00",75,2016-07-31 13:00:00,"KBHB","Forecast",2016-07-31,13
"532","2016-07-31 18:00:00",75,2016-07-31 14:00:00,"KBHB","Forecast",2016-07-31,14
"533","2016-07-31 19:00:00",75,2016-07-31 15:00:00,"KBHB","Forecast",2016-07-31,15
"534","2016-07-31 20:00:00",74,2016-07-31 16:00:00,"KBHB","Forecast",2016-07-31,16
"535","2016-07-31 21:00:00",74,2016-07-31 17:00:00,"KBHB","Forecast",2016-07-31,17
"536","2016-07-31 22:00:00",72,2016-07-31 18:00:00,"KBHB","Forecast",2016-07-31,18
"537","2016-07-31 23:00:00",71,2016-07-31 19:00:00,"KBHB","Forecast",2016-07-31,19
"538","2016-08-01 00:00:00",68,2016-07-31 20:00:00,"KBHB","Forecast",2016-07-31,20
"539","2016-08-01 01:00:00",66,2016-07-31 21:00:00,"KBHB","Forecast",2016-07-31,21
"540","2016-08-01 02:00:00",64,2016-07-31 22:00:00,"KBHB","Forecast",2016-07-31,22
"541","2016-08-01 03:00:00",63,2016-07-31 23:00:00,"KBHB","Forecast",2016-07-31,23
"542","2016-08-01 04:00:00",62,2016-08-01 00:00:00,"KBHB","Forecast",2016-08-01,0
"543","2016-08-01 05:00:00",62,2016-08-01 01:00:00,"KBHB","Forecast",2016-08-01,1
"544","2016-08-01 06:00:00",61,2016-08-01 02:00:00,"KBHB","Forecast",2016-08-01,2
"545","2016-08-01 07:00:00",61,2016-08-01 03:00:00,"KBHB","Forecast",2016-08-01,3
"546","2016-08-01 08:00:00",61,2016-08-01 04:00:00,"KBHB","Forecast",2016-08-01,4
"547","2016-08-01 09:00:00",60,2016-08-01 05:00:00,"KBHB","Forecast",2016-08-01,5
"548","2016-08-01 10:00:00",61,2016-08-01 06:00:00,"KBHB","Forecast",2016-08-01,6
"549","2016-08-01 11:00:00",63,2016-08-01 07:00:00,"KBHB","Forecast",2016-08-01,7
"550","2016-08-01 12:00:00",65,2016-08-01 08:00:00,"KBHB","Forecast",2016-08-01,8
"551","2016-08-01 13:00:00",67,2016-08-01 09:00:00,"KBHB","Forecast",2016-08-01,9
"552","2016-08-01 14:00:00",69,2016-08-01 10:00:00,"KBHB","Forecast",2016-08-01,10
"553","2016-08-01 15:00:00",71,2016-08-01 11:00:00,"KBHB","Forecast",2016-08-01,11
"554","2016-08-01 16:00:00",71,2016-08-01 12:00:00,"KBHB","Forecast",2016-08-01,12
"555","2016-08-01 17:00:00",71,2016-08-01 13:00:00,"KBHB","Forecast",2016-08-01,13
"556","2016-08-01 18:00:00",71,2016-08-01 14:00:00,"KBHB","Forecast",2016-08-01,14
"557","2016-08-01 19:00:00",70,2016-08-01 15:00:00,"KBHB","Forecast",2016-08-01,15
"558","2016-08-01 20:00:00",69,2016-08-01 16:00:00,"KBHB","Forecast",2016-08-01,16
"559","2016-08-01 21:00:00",69,2016-08-01 17:00:00,"KBHB","Forecast",2016-08-01,17
"560","2016-08-01 22:00:00",68,2016-08-01 18:00:00,"KBHB","Forecast",2016-08-01,18
"561","2016-08-01 23:00:00",68,2016-08-01 19:00:00,"KBHB","Forecast",2016-08-01,19
"562","2016-08-02 00:00:00",66,2016-08-01 20:00:00,"KBHB","Forecast",2016-08-01,20
"563","2016-08-02 01:00:00",65,2016-08-01 21:00:00,"KBHB","Forecast",2016-08-01,21
"564","2016-08-02 02:00:00",64,2016-08-01 22:00:00,"KBHB","Forecast",2016-08-01,22
"565","2016-08-02 03:00:00",62,2016-08-01 23:00:00,"KBHB","Forecast",2016-08-01,23
"566","2016-08-02 04:00:00",62,2016-08-02 00:00:00,"KBHB","Forecast",2016-08-02,0
"567","2016-08-02 05:00:00",61,2016-08-02 01:00:00,"KBHB","Forecast",2016-08-02,1
"568","2016-08-02 06:00:00",61,2016-08-02 02:00:00,"KBHB","Forecast",2016-08-02,2
"569","2016-08-02 07:00:00",61,2016-08-02 03:00:00,"KBHB","Forecast",2016-08-02,3
"570","2016-08-02 08:00:00",61,2016-08-02 04:00:00,"KBHB","Forecast",2016-08-02,4
"571","2016-08-02 09:00:00",60,2016-08-02 05:00:00,"KBHB","Forecast",2016-08-02,5
"572","2016-08-02 10:00:00",61,2016-08-02 06:00:00,"KBHB","Forecast",2016-08-02,6
"573","2016-08-02 11:00:00",63,2016-08-02 07:00:00,"KBHB","Forecast",2016-08-02,7
"574","2016-08-02 12:00:00",65,2016-08-02 08:00:00,"KBHB","Forecast",2016-08-02,8
"575","2016-08-02 13:00:00",66,2016-08-02 09:00:00,"KBHB","Forecast",2016-08-02,9
"576","2016-08-02 14:00:00",68,2016-08-02 10:00:00,"KBHB","Forecast",2016-08-02,10
"577","2016-08-02 15:00:00",70,2016-08-02 11:00:00,"KBHB","Forecast",2016-08-02,11
"578","2016-08-02 16:00:00",72,2016-08-02 12:00:00,"KBHB","Forecast",2016-08-02,12
"579","2016-08-02 17:00:00",73,2016-08-02 13:00:00,"KBHB","Forecast",2016-08-02,13
"580","2016-08-02 18:00:00",73,2016-08-02 14:00:00,"KBHB","Forecast",2016-08-02,14
"581","2016-08-02 19:00:00",73,2016-08-02 15:00:00,"KBHB","Forecast",2016-08-02,15
"582","2016-08-02 20:00:00",73,2016-08-02 16:00:00,"KBHB","Forecast",2016-08-02,16
"583","2016-08-02 21:00:00",72,2016-08-02 17:00:00,"KBHB","Forecast",2016-08-02,17
"584","2016-08-02 22:00:00",70,2016-08-02 18:00:00,"KBHB","Forecast",2016-08-02,18
"585","2016-08-02 23:00:00",68,2016-08-02 19:00:00,"KBHB","Forecast",2016-08-02,19
"586","2016-08-03 00:00:00",66,2016-08-02 20:00:00,"KBHB","Forecast",2016-08-02,20
"587","2016-08-03 01:00:00",64,2016-08-02 21:00:00,"KBHB","Forecast",2016-08-02,21
"588","2016-08-03 02:00:00",63,2016-08-02 22:00:00,"KBHB","Forecast",2016-08-02,22
"589","2016-08-03 03:00:00",62,2016-08-02 23:00:00,"KBHB","Forecast",2016-08-02,23
"590","2016-08-03 04:00:00",61,2016-08-03 00:00:00,"KBHB","Forecast",2016-08-03,0
"591","2016-08-03 05:00:00",61,2016-08-03 01:00:00,"KBHB","Forecast",2016-08-03,1
"592","2016-08-03 06:00:00",60,2016-08-03 02:00:00,"KBHB","Forecast",2016-08-03,2
"593","2016-08-03 07:00:00",60,2016-08-03 03:00:00,"KBHB","Forecast",2016-08-03,3
"594","2016-08-03 08:00:00",60,2016-08-03 04:00:00,"KBHB","Forecast",2016-08-03,4
"595","2016-08-03 09:00:00",59,2016-08-03 05:00:00,"KBHB","Forecast",2016-08-03,5
"596","2016-08-03 10:00:00",60,2016-08-03 06:00:00,"KBHB","Forecast",2016-08-03,6
"597","2016-08-03 11:00:00",63,2016-08-03 07:00:00,"KBHB","Forecast",2016-08-03,7
"598","2016-08-03 12:00:00",66,2016-08-03 08:00:00,"KBHB","Forecast",2016-08-03,8
"599","2016-08-03 13:00:00",68,2016-08-03 09:00:00,"KBHB","Forecast",2016-08-03,9
"600","2016-08-03 14:00:00",71,2016-08-03 10:00:00,"KBHB","Forecast",2016-08-03,10
"601","2016-08-03 15:00:00",74,2016-08-03 11:00:00,"KBHB","Forecast",2016-08-03,11
"602","2016-08-03 16:00:00",75,2016-08-03 12:00:00,"KBHB","Forecast",2016-08-03,12
"603","2016-08-03 17:00:00",76,2016-08-03 13:00:00,"KBHB","Forecast",2016-08-03,13
"604","2016-08-03 18:00:00",76,2016-08-03 14:00:00,"KBHB","Forecast",2016-08-03,14
"605","2016-08-03 19:00:00",76,2016-08-03 15:00:00,"KBHB","Forecast",2016-08-03,15
"606","2016-08-03 20:00:00",75,2016-08-03 16:00:00,"KBHB","Forecast",2016-08-03,16
"607","2016-08-03 21:00:00",74,2016-08-03 17:00:00,"KBHB","Forecast",2016-08-03,17
"608","2016-08-03 22:00:00",72,2016-08-03 18:00:00,"KBHB","Forecast",2016-08-03,18
"609","2016-08-03 23:00:00",70,2016-08-03 19:00:00,"KBHB","Forecast",2016-08-03,19
"610","2016-08-04 00:00:00",67,2016-08-03 20:00:00,"KBHB","Forecast",2016-08-03,20
"611","2016-08-04 01:00:00",65,2016-08-03 21:00:00,"KBHB","Forecast",2016-08-03,21
"612","2016-08-04 02:00:00",64,2016-08-03 22:00:00,"KBHB","Forecast",2016-08-03,22
"613","2016-08-04 03:00:00",63,2016-08-03 23:00:00,"KBHB","Forecast",2016-08-03,23
"614","2016-08-04 04:00:00",62,2016-08-04 00:00:00,"KBHB","Forecast",2016-08-04,0
"615","2016-08-04 05:00:00",62,2016-08-04 01:00:00,"KBHB","Forecast",2016-08-04,1
"616","2016-08-04 06:00:00",61,2016-08-04 02:00:00,"KBHB","Forecast",2016-08-04,2
"617","2016-08-04 07:00:00",61,2016-08-04 03:00:00,"KBHB","Forecast",2016-08-04,3
"618","2016-08-04 08:00:00",61,2016-08-04 04:00:00,"KBHB","Forecast",2016-08-04,4
"619","2016-08-04 09:00:00",61,2016-08-04 05:00:00,"KBHB","Forecast",2016-08-04,5
"620","2016-08-04 10:00:00",61,2016-08-04 06:00:00,"KBHB","Forecast",2016-08-04,6
"621","2016-08-04 11:00:00",63,2016-08-04 07:00:00,"KBHB","Forecast",2016-08-04,7
"622","2016-08-04 12:00:00",66,2016-08-04 08:00:00,"KBHB","Forecast",2016-08-04,8
"623","2016-08-04 13:00:00",68,2016-08-04 09:00:00,"KBHB","Forecast",2016-08-04,9
"624","2016-08-04 14:00:00",70,2016-08-04 10:00:00,"KBHB","Forecast",2016-08-04,10
"625","2016-08-04 15:00:00",72,2016-08-04 11:00:00,"KBHB","Forecast",2016-08-04,11
"626","2016-08-04 16:00:00",73,2016-08-04 12:00:00,"KBHB","Forecast",2016-08-04,12
"627","2016-08-04 17:00:00",74,2016-08-04 13:00:00,"KBHB","Forecast",2016-08-04,13
"628","2016-08-04 18:00:00",75,2016-08-04 14:00:00,"KBHB","Forecast",2016-08-04,14
"629","2016-08-04 19:00:00",74,2016-08-04 15:00:00,"KBHB","Forecast",2016-08-04,15
"630","2016-08-04 20:00:00",74,2016-08-04 16:00:00,"KBHB","Forecast",2016-08-04,16
"631","2016-08-04 21:00:00",74,2016-08-04 17:00:00,"KBHB","Forecast",2016-08-04,17
"632","2016-08-04 22:00:00",71,2016-08-04 18:00:00,"KBHB","Forecast",2016-08-04,18
"633","2016-08-04 23:00:00",70,2016-08-04 19:00:00,"KBHB","Forecast",2016-08-04,19
"634","2016-08-05 00:00:00",68,2016-08-04 20:00:00,"KBHB","Forecast",2016-08-04,20
"635","2016-08-05 01:00:00",66,2016-08-04 21:00:00,"KBHB","Forecast",2016-08-04,21
"636","2016-08-05 02:00:00",65,2016-08-04 22:00:00,"KBHB","Forecast",2016-08-04,22
"637","2016-08-05 03:00:00",65,2016-08-04 23:00:00,"KBHB","Forecast",2016-08-04,23
"638","2016-08-05 04:00:00",64,2016-08-05 00:00:00,"KBHB","Forecast",2016-08-05,0
"639","2016-08-05 05:00:00",64,2016-08-05 01:00:00,"KBHB","Forecast",2016-08-05,1
"640","2016-08-05 06:00:00",64,2016-08-05 02:00:00,"KBHB","Forecast",2016-08-05,2
"641","2016-08-05 07:00:00",64,2016-08-05 03:00:00,"KBHB","Forecast",2016-08-05,3
"642","2016-08-05 08:00:00",64,2016-08-05 04:00:00,"KBHB","Forecast",2016-08-05,4
"643","2016-08-05 09:00:00",64,2016-08-05 05:00:00,"KBHB","Forecast",2016-08-05,5
"644","2016-08-05 10:00:00",64,2016-08-05 06:00:00,"KBHB","Forecast",2016-08-05,6
"645","2016-08-05 11:00:00",66,2016-08-05 07:00:00,"KBHB","Forecast",2016-08-05,7
"646","2016-08-05 12:00:00",69,2016-08-05 08:00:00,"KBHB","Forecast",2016-08-05,8
"647","2016-08-05 13:00:00",70,2016-08-05 09:00:00,"KBHB","Forecast",2016-08-05,9
"648","2016-08-05 14:00:00",72,2016-08-05 10:00:00,"KBHB","Forecast",2016-08-05,10
"649","2016-08-05 15:00:00",74,2016-08-05 11:00:00,"KBHB","Forecast",2016-08-05,11
"650","2016-08-05 16:00:00",75,2016-08-05 12:00:00,"KBHB","Forecast",2016-08-05,12
"651","2016-08-05 17:00:00",74,2016-08-05 13:00:00,"KBHB","Forecast",2016-08-05,13
"652","2016-08-05 18:00:00",75,2016-08-05 14:00:00,"KBHB","Forecast",2016-08-05,14
"653","2016-08-05 19:00:00",75,2016-08-05 15:00:00,"KBHB","Forecast",2016-08-05,15
"654","2016-08-05 20:00:00",74,2016-08-05 16:00:00,"KBHB","Forecast",2016-08-05,16
"655","2016-08-05 21:00:00",74,2016-08-05 17:00:00,"KBHB","Forecast",2016-08-05,17
"656","2016-08-05 22:00:00",72,2016-08-05 18:00:00,"KBHB","Forecast",2016-08-05,18
"657","2016-08-05 23:00:00",71,2016-08-05 19:00:00,"KBHB","Forecast",2016-08-05,19
"658","2016-08-06 00:00:00",69,2016-08-05 20:00:00,"KBHB","Forecast",2016-08-05,20
"659","2016-08-06 01:00:00",67,2016-08-05 21:00:00,"KBHB","Forecast",2016-08-05,21
"660","2016-08-06 02:00:00",67,2016-08-05 22:00:00,"KBHB","Forecast",2016-08-05,22
"661","2016-08-06 03:00:00",66,2016-08-05 23:00:00,"KBHB","Forecast",2016-08-05,23
"662","2016-08-06 04:00:00",66,2016-08-06 00:00:00,"KBHB","Forecast",2016-08-06,0
"663","2016-08-06 05:00:00",66,2016-08-06 01:00:00,"KBHB","Forecast",2016-08-06,1
"664","2016-08-06 06:00:00",66,2016-08-06 02:00:00,"KBHB","Forecast",2016-08-06,2
"665","2016-08-06 07:00:00",66,2016-08-06 03:00:00,"KBHB","Forecast",2016-08-06,3
"666","2016-08-06 08:00:00",66,2016-08-06 04:00:00,"KBHB","Forecast",2016-08-06,4
"667","2016-08-06 09:00:00",65,2016-08-06 05:00:00,"KBHB","Forecast",2016-08-06,5
"668","2016-08-06 10:00:00",65,2016-08-06 06:00:00,"KBHB","Forecast",2016-08-06,6
"669","2016-08-06 11:00:00",67,2016-08-06 07:00:00,"KBHB","Forecast",2016-08-06,7
"670","2016-08-06 12:00:00",68,2016-08-06 08:00:00,"KBHB","Forecast",2016-08-06,8
"671","2016-08-06 13:00:00",70,2016-08-06 09:00:00,"KBHB","Forecast",2016-08-06,9
"672","2016-08-06 14:00:00",72,2016-08-06 10:00:00,"KBHB","Forecast",2016-08-06,10
"673","2016-08-06 15:00:00",75,2016-08-06 11:00:00,"KBHB","Forecast",2016-08-06,11
"674","2016-08-06 16:00:00",75,2016-08-06 12:00:00,"KBHB","Forecast",2016-08-06,12
"675","2016-08-06 17:00:00",76,2016-08-06 13:00:00,"KBHB","Forecast",2016-08-06,13
"676","2016-08-06 18:00:00",76,2016-08-06 14:00:00,"KBHB","Forecast",2016-08-06,14
"677","2016-08-06 19:00:00",76,2016-08-06 15:00:00,"KBHB","Forecast",2016-08-06,15
"678","2016-08-06 20:00:00",75,2016-08-06 16:00:00,"KBHB","Forecast",2016-08-06,16
"679","2016-08-06 21:00:00",75,2016-08-06 17:00:00,"KBHB","Forecast",2016-08-06,17
"680","2016-08-06 22:00:00",73,2016-08-06 18:00:00,"KBHB","Forecast",2016-08-06,18
"681","2016-08-06 23:00:00",72,2016-08-06 19:00:00,"KBHB","Forecast",2016-08-06,19
"682","2016-08-07 00:00:00",70,2016-08-06 20:00:00,"KBHB","Forecast",2016-08-06,20
"683","2016-08-07 01:00:00",68,2016-08-06 21:00:00,"KBHB","Forecast",2016-08-06,21
"684","2016-08-07 02:00:00",67,2016-08-06 22:00:00,"KBHB","Forecast",2016-08-06,22
"685","2016-08-07 03:00:00",66,2016-08-06 23:00:00,"KBHB","Forecast",2016-08-06,23
"686","2016-08-07 04:00:00",66,2016-08-07 00:00:00,"KBHB","Forecast",2016-08-07,0
"687","2016-08-07 05:00:00",65,2016-08-07 01:00:00,"KBHB","Forecast",2016-08-07,1
"688","2016-08-07 06:00:00",65,2016-08-07 02:00:00,"KBHB","Forecast",2016-08-07,2
"689","2016-08-07 07:00:00",65,2016-08-07 03:00:00,"KBHB","Forecast",2016-08-07,3
"690","2016-08-07 08:00:00",64,2016-08-07 04:00:00,"KBHB","Forecast",2016-08-07,4
"691","2016-08-07 09:00:00",64,2016-08-07 05:00:00,"KBHB","Forecast",2016-08-07,5
"692","2016-08-07 10:00:00",64,2016-08-07 06:00:00,"KBHB","Forecast",2016-08-07,6
"693","2016-08-07 11:00:00",66,2016-08-07 07:00:00,"KBHB","Forecast",2016-08-07,7
"694","2016-08-07 12:00:00",68,2016-08-07 08:00:00,"KBHB","Forecast",2016-08-07,8
"695","2016-08-07 13:00:00",70,2016-08-07 09:00:00,"KBHB","Forecast",2016-08-07,9
"696","2016-08-07 14:00:00",72,2016-08-07 10:00:00,"KBHB","Forecast",2016-08-07,10
"697","2016-08-07 15:00:00",74,2016-08-07 11:00:00,"KBHB","Forecast",2016-08-07,11
"698","2016-08-07 16:00:00",76,2016-08-07 12:00:00,"KBHB","Forecast",2016-08-07,12
"699","2016-08-07 17:00:00",76,2016-08-07 13:00:00,"KBHB","Forecast",2016-08-07,13
"700","2016-08-07 18:00:00",77,2016-08-07 14:00:00,"KBHB","Forecast",2016-08-07,14
"701","2016-08-07 19:00:00",77,2016-08-07 15:00:00,"KBHB","Forecast",2016-08-07,15
"702","2016-08-07 20:00:00",76,2016-08-07 16:00:00,"KBHB","Forecast",2016-08-07,16
"703","2016-08-07 21:00:00",75,2016-08-07 17:00:00,"KBHB","Forecast",2016-08-07,17
"704","2016-08-07 22:00:00",74,2016-08-07 18:00:00,"KBHB","Forecast",2016-08-07,18
"705","2016-08-07 23:00:00",72,2016-08-07 19:00:00,"KBHB","Forecast",2016-08-07,19
"706","2016-08-08 00:00:00",69,2016-08-07 20:00:00,"KBHB","Forecast",2016-08-07,20
"707","2016-08-08 01:00:00",68,2016-08-07 21:00:00,"KBHB","Forecast",2016-08-07,21
"708","2016-08-08 02:00:00",66,2016-08-07 22:00:00,"KBHB","Forecast",2016-08-07,22
"709","2016-08-08 03:00:00",65,2016-08-07 23:00:00,"KBHB","Forecast",2016-08-07,23
"710","2016-08-08 04:00:00",65,2016-08-08 00:00:00,"KBHB","Forecast",2016-08-08,0
"711","2016-08-08 05:00:00",64,2016-08-08 01:00:00,"KBHB","Forecast",2016-08-08,1
"712","2016-08-08 06:00:00",64,2016-08-08 02:00:00,"KBHB","Forecast",2016-08-08,2
"713","2016-08-08 07:00:00",63,2016-08-08 03:00:00,"KBHB","Forecast",2016-08-08,3
"714","2016-08-08 08:00:00",62,2016-08-08 04:00:00,"KBHB","Forecast",2016-08-08,4
"715","2016-08-08 09:00:00",62,2016-08-08 05:00:00,"KBHB","Forecast",2016-08-08,5
"716","2016-08-08 10:00:00",62,2016-08-08 06:00:00,"KBHB","Forecast",2016-08-08,6
"717","2016-08-08 11:00:00",63,2016-08-08 07:00:00,"KBHB","Forecast",2016-08-08,7
"718","2016-08-08 12:00:00",66,2016-08-08 08:00:00,"KBHB","Forecast",2016-08-08,8
"719","2016-08-08 13:00:00",68,2016-08-08 09:00:00,"KBHB","Forecast",2016-08-08,9
"720","2016-08-08 14:00:00",70,2016-08-08 10:00:00,"KBHB","Forecast",2016-08-08,10
